{"threshold": 95.22201426024955, "accuracy": 0.946, "avg_normal": 79.5969696969697, "avg_abnormal": 110.84705882352941}